{
    "color_barbg": "#ff333333",
    "color_barfg": "#fff0f0f0",
    "color_emubg": "#ff181818",
    "compMode": 1,
    "diyModel": true,
    "enableExram": true,
    "enableKeyVirb": false,
    "fileRedirect": false,
    "fontType": 0,
    "fps": 10,
    "fullScreen": false,
    "heapSize": 1,
    "keybMode": 1,
    "midScreen": false,
    "model": "aux-m250",
    "mrVm": true,
    "mrpPause": false,
    "optizMode": 2,
    "padAlpha": 128,
    "scale": 1,
    "scaleFilter": true,
    "scaleMode": 1,
    "screenOn": true,
    "showFps": false,
    "showTb": true,
    "speed": 100,
    "ttfFileName": "default",
    "useOpenGL": true,
    "scnw": 320,
    "scnh": 240
}